{"meta":{"version":1,"warehouse":"2.2.0"},"models":{"Asset":[{"_id":"themes/landscape/source/css/style.styl","path":"css/style.styl","modified":0,"renderable":1},{"_id":"themes/landscape/source/fancybox/blank.gif","path":"fancybox/blank.gif","modified":0,"renderable":1},{"_id":"themes/landscape/source/fancybox/fancybox_loading.gif","path":"fancybox/fancybox_loading.gif","modified":0,"renderable":1},{"_id":"themes/landscape/source/fancybox/fancybox_loading@2x.gif","path":"fancybox/fancybox_loading@2x.gif","modified":0,"renderable":1},{"_id":"themes/landscape/source/fancybox/fancybox_overlay.png","path":"fancybox/fancybox_overlay.png","modified":0,"renderable":1},{"_id":"themes/landscape/source/fancybox/fancybox_sprite.png","path":"fancybox/fancybox_sprite.png","modified":0,"renderable":1},{"_id":"themes/landscape/source/fancybox/fancybox_sprite@2x.png","path":"fancybox/fancybox_sprite@2x.png","modified":0,"renderable":1},{"_id":"themes/landscape/source/fancybox/jquery.fancybox.css","path":"fancybox/jquery.fancybox.css","modified":0,"renderable":1},{"_id":"themes/landscape/source/fancybox/jquery.fancybox.pack.js","path":"fancybox/jquery.fancybox.pack.js","modified":0,"renderable":1},{"_id":"themes/landscape/source/fancybox/jquery.fancybox.js","path":"fancybox/jquery.fancybox.js","modified":0,"renderable":1},{"_id":"themes/landscape/source/js/script.js","path":"js/script.js","modified":0,"renderable":1},{"_id":"themes/landscape/source/css/fonts/FontAwesome.otf","path":"css/fonts/FontAwesome.otf","modified":0,"renderable":1},{"_id":"themes/landscape/source/css/fonts/fontawesome-webfont.eot","path":"css/fonts/fontawesome-webfont.eot","modified":0,"renderable":1},{"_id":"themes/landscape/source/css/fonts/fontawesome-webfont.woff","path":"css/fonts/fontawesome-webfont.woff","modified":0,"renderable":1},{"_id":"themes/landscape/source/css/images/banner.jpg","path":"css/images/banner.jpg","modified":0,"renderable":1},{"_id":"themes/landscape/source/fancybox/helpers/fancybox_buttons.png","path":"fancybox/helpers/fancybox_buttons.png","modified":0,"renderable":1},{"_id":"themes/landscape/source/fancybox/helpers/jquery.fancybox-buttons.css","path":"fancybox/helpers/jquery.fancybox-buttons.css","modified":0,"renderable":1},{"_id":"themes/landscape/source/fancybox/helpers/jquery.fancybox-buttons.js","path":"fancybox/helpers/jquery.fancybox-buttons.js","modified":0,"renderable":1},{"_id":"themes/landscape/source/fancybox/helpers/jquery.fancybox-media.js","path":"fancybox/helpers/jquery.fancybox-media.js","modified":0,"renderable":1},{"_id":"themes/landscape/source/fancybox/helpers/jquery.fancybox-thumbs.css","path":"fancybox/helpers/jquery.fancybox-thumbs.css","modified":0,"renderable":1},{"_id":"themes/landscape/source/fancybox/helpers/jquery.fancybox-thumbs.js","path":"fancybox/helpers/jquery.fancybox-thumbs.js","modified":0,"renderable":1},{"_id":"themes/landscape/source/css/fonts/fontawesome-webfont.ttf","path":"css/fonts/fontawesome-webfont.ttf","modified":0,"renderable":1},{"_id":"themes/landscape/source/css/fonts/fontawesome-webfont.svg","path":"css/fonts/fontawesome-webfont.svg","modified":0,"renderable":1},{"_id":"themes/landscape/source/css/images/banner-bak.jpg","path":"css/images/banner-bak.jpg","modified":0,"renderable":1}],"Cache":[{"_id":"source/.DS_Store","hash":"b48c4f7d61a5928be717d4bd654481ff1eab36ee","modified":1484147075000},{"_id":"themes/landscape/.DS_Store","hash":"9457f542cf2c3f2a50b9ecd64858fc6f50b0d0c4","modified":1484147080000},{"_id":"themes/landscape/.gitignore","hash":"58d26d4b5f2f94c2d02a4e4a448088e4a2527c77","modified":1484126821000},{"_id":"themes/landscape/Gruntfile.js","hash":"71adaeaac1f3cc56e36c49d549b8d8a72235c9b9","modified":1484126821000},{"_id":"themes/landscape/LICENSE","hash":"c480fce396b23997ee23cc535518ffaaf7f458f8","modified":1484126821000},{"_id":"themes/landscape/README.md","hash":"c7e83cfe8f2c724fc9cac32bd71bb5faf9ceeddb","modified":1484126821000},{"_id":"themes/landscape/_config.yml","hash":"6cc80059b69e7771dbfd406d9cef01c7c4d9b710","modified":1484146500000},{"_id":"themes/landscape/package.json","hash":"85358dc34311c6662e841584e206a4679183943f","modified":1484126821000},{"_id":"source/_posts/.DS_Store","hash":"df2fbeb1400acda0909a32c1cf6bf492f1121e07","modified":1484143955000},{"_id":"source/_posts/devops-portal.md","hash":"e51f3a902a32e2295d38850467b740fe76786f1e","modified":1484144776000},{"_id":"source/_posts/docker-core.md","hash":"d7a947ad02bd6e1f44a3d218a1a9cd6e3199cfdd","modified":1484144212000},{"_id":"source/_posts/docker-portal.md","hash":"4763a83e8013eecdd3fcd69150145a5633ab752a","modified":1484144127000},{"_id":"source/_posts/hello-world.md","hash":"6b174b9f3ea085c8c222acd6fe2ca5d9441c6921","modified":1484143624000},{"_id":"source/_posts/node-portal.md","hash":"9a6a4a23f2b41912cc0b78584bdbc9f1d98725bb","modified":1484144142000},{"_id":"source/_posts/python-portal.md","hash":"08da7bf753bb8821d35717ebcfd218b92ea4b2f0","modified":1484144149000},{"_id":"themes/landscape/languages/default.yml","hash":"3083f319b352d21d80fc5e20113ddf27889c9d11","modified":1484126821000},{"_id":"themes/landscape/languages/fr.yml","hash":"84ab164b37c6abf625473e9a0c18f6f815dd5fd9","modified":1484126821000},{"_id":"themes/landscape/languages/nl.yml","hash":"12ed59faba1fc4e8cdd1d42ab55ef518dde8039c","modified":1484126821000},{"_id":"themes/landscape/languages/no.yml","hash":"965a171e70347215ec726952e63f5b47930931ef","modified":1484126821000},{"_id":"themes/landscape/languages/ru.yml","hash":"4fda301bbd8b39f2c714e2c934eccc4b27c0a2b0","modified":1484126821000},{"_id":"themes/landscape/languages/zh-CN.yml","hash":"ca40697097ab0b3672a80b455d3f4081292d1eed","modified":1484126821000},{"_id":"themes/landscape/languages/zh-TW.yml","hash":"53ce3000c5f767759c7d2c4efcaa9049788599c3","modified":1484126821000},{"_id":"themes/landscape/layout/archive.ejs","hash":"2703b07cc8ac64ae46d1d263f4653013c7e1666b","modified":1484126821000},{"_id":"themes/landscape/layout/category.ejs","hash":"765426a9c8236828dc34759e604cc2c52292835a","modified":1484126821000},{"_id":"themes/landscape/layout/index.ejs","hash":"aa1b4456907bdb43e629be3931547e2d29ac58c8","modified":1484126821000},{"_id":"themes/landscape/layout/page.ejs","hash":"7d80e4e36b14d30a7cd2ac1f61376d9ebf264e8b","modified":1484126821000},{"_id":"themes/landscape/layout/layout.ejs","hash":"f155824ca6130080bb057fa3e868a743c69c4cf5","modified":1484126821000},{"_id":"themes/landscape/layout/post.ejs","hash":"7d80e4e36b14d30a7cd2ac1f61376d9ebf264e8b","modified":1484126821000},{"_id":"themes/landscape/layout/tag.ejs","hash":"eaa7b4ccb2ca7befb90142e4e68995fb1ea68b2e","modified":1484126821000},{"_id":"themes/landscape/scripts/fancybox.js","hash":"aa411cd072399df1ddc8e2181a3204678a5177d9","modified":1484126821000},{"_id":"themes/landscape/source/.DS_Store","hash":"1429b9c08aeb8c15b3499d150e011720f8ff275c","modified":1484147087000},{"_id":"themes/landscape/layout/_widget/category.ejs","hash":"dd1e5af3c6af3f5d6c85dfd5ca1766faed6a0b05","modified":1484126821000},{"_id":"themes/landscape/layout/_widget/archive.ejs","hash":"beb4a86fcc82a9bdda9289b59db5a1988918bec3","modified":1484126821000},{"_id":"themes/landscape/layout/_widget/recent_posts.ejs","hash":"0d4f064733f8b9e45c0ce131fe4a689d570c883a","modified":1484126821000},{"_id":"themes/landscape/layout/_widget/tag.ejs","hash":"2de380865df9ab5f577f7d3bcadf44261eb5faae","modified":1484126821000},{"_id":"themes/landscape/layout/_widget/tagcloud.ejs","hash":"b4a2079101643f63993dcdb32925c9b071763b46","modified":1484126821000},{"_id":"themes/landscape/layout/_partial/after-footer.ejs","hash":"9292c640bdf7c8eb6fed2e8a1800f1cc7f43722b","modified":1484145585000},{"_id":"themes/landscape/layout/_partial/archive-post.ejs","hash":"c7a71425a946d05414c069ec91811b5c09a92c47","modified":1484126821000},{"_id":"themes/landscape/layout/_partial/archive.ejs","hash":"931aaaffa0910a48199388ede576184ff15793ee","modified":1484126821000},{"_id":"themes/landscape/layout/_partial/article.ejs","hash":"c4c835615d96a950d51fa2c3b5d64d0596534fed","modified":1484126821000},{"_id":"themes/landscape/layout/_partial/footer.ejs","hash":"f6975a227829834c026b17ee2493d06a16202b94","modified":1484144946000},{"_id":"themes/landscape/layout/_partial/head.ejs","hash":"bfd64f2a831a6acb7f5bae852cae3098a91e1997","modified":1484145371000},{"_id":"themes/landscape/layout/_partial/header.ejs","hash":"9d7b18ae2a5479d9ae0eb053ea7043ab8a9bd642","modified":1484145235000},{"_id":"themes/landscape/layout/_partial/mobile-nav.ejs","hash":"e952a532dfc583930a666b9d4479c32d4a84b44e","modified":1484126821000},{"_id":"themes/landscape/layout/_partial/sidebar.ejs","hash":"930da35cc2d447a92e5ee8f835735e6fd2232469","modified":1484126821000},{"_id":"themes/landscape/source/css/.DS_Store","hash":"0c4a669591bf1723e84d44bb15e7b684e25ff531","modified":1484146229000},{"_id":"themes/landscape/source/css/_extend.styl","hash":"222fbe6d222531d61c1ef0f868c90f747b1c2ced","modified":1484126821000},{"_id":"themes/landscape/source/css/_variables.styl","hash":"06e2f44b92c26c5d71abf01e7b43ee0dfd2010c7","modified":1484148828000},{"_id":"themes/landscape/source/css/style.styl","hash":"a70d9c44dac348d742702f6ba87e5bb3084d65db","modified":1484126821000},{"_id":"themes/landscape/source/fancybox/blank.gif","hash":"2daeaa8b5f19f0bc209d976c02bd6acb51b00b0a","modified":1484126821000},{"_id":"themes/landscape/source/fancybox/fancybox_loading.gif","hash":"1a755fb2599f3a313cc6cfdb14df043f8c14a99c","modified":1484126821000},{"_id":"themes/landscape/source/fancybox/fancybox_loading@2x.gif","hash":"273b123496a42ba45c3416adb027cd99745058b0","modified":1484126821000},{"_id":"themes/landscape/source/fancybox/fancybox_overlay.png","hash":"b3a4ee645ba494f52840ef8412015ba0f465dbe0","modified":1484126821000},{"_id":"themes/landscape/source/fancybox/fancybox_sprite.png","hash":"17df19f97628e77be09c352bf27425faea248251","modified":1484126821000},{"_id":"themes/landscape/source/fancybox/fancybox_sprite@2x.png","hash":"30c58913f327e28f466a00f4c1ac8001b560aed8","modified":1484126821000},{"_id":"themes/landscape/source/fancybox/jquery.fancybox.css","hash":"aaa582fb9eb4b7092dc69fcb2d5b1c20cca58ab6","modified":1484126821000},{"_id":"themes/landscape/source/fancybox/jquery.fancybox.pack.js","hash":"9e0d51ca1dbe66f6c0c7aefd552dc8122e694a6e","modified":1484126821000},{"_id":"themes/landscape/source/fancybox/jquery.fancybox.js","hash":"d08b03a42d5c4ba456ef8ba33116fdbb7a9cabed","modified":1484126821000},{"_id":"themes/landscape/source/js/script.js","hash":"2876e0b19ce557fca38d7c6f49ca55922ab666a1","modified":1484126821000},{"_id":"themes/landscape/layout/_partial/post/category.ejs","hash":"c6bcd0e04271ffca81da25bcff5adf3d46f02fc0","modified":1484126821000},{"_id":"themes/landscape/layout/_partial/post/date.ejs","hash":"6197802873157656e3077c5099a7dda3d3b01c29","modified":1484126821000},{"_id":"themes/landscape/layout/_partial/post/gallery.ejs","hash":"3d9d81a3c693ff2378ef06ddb6810254e509de5b","modified":1484126821000},{"_id":"themes/landscape/layout/_partial/post/nav.ejs","hash":"16a904de7bceccbb36b4267565f2215704db2880","modified":1484126821000},{"_id":"themes/landscape/layout/_partial/post/title.ejs","hash":"2f275739b6f1193c123646a5a31f37d48644c667","modified":1484126821000},{"_id":"themes/landscape/layout/_partial/post/tag.ejs","hash":"2fcb0bf9c8847a644167a27824c9bb19ac74dd14","modified":1484126821000},{"_id":"themes/landscape/source/css/_partial/archive.styl","hash":"db15f5677dc68f1730e82190bab69c24611ca292","modified":1484126821000},{"_id":"themes/landscape/source/css/_partial/article.styl","hash":"10685f8787a79f79c9a26c2f943253450c498e3e","modified":1484126821000},{"_id":"themes/landscape/source/css/_partial/comment.styl","hash":"79d280d8d203abb3bd933ca9b8e38c78ec684987","modified":1484126821000},{"_id":"themes/landscape/source/css/_partial/footer.styl","hash":"e35a060b8512031048919709a8e7b1ec0e40bc1b","modified":1484126821000},{"_id":"themes/landscape/source/css/_partial/header.styl","hash":"9658cb416b434dc6c3a8c2c15511eb170f363a3d","modified":1484148524000},{"_id":"themes/landscape/source/css/_partial/highlight.styl","hash":"bf4e7be1968dad495b04e83c95eac14c4d0ad7c0","modified":1484126821000},{"_id":"themes/landscape/source/css/_partial/mobile.styl","hash":"a399cf9e1e1cec3e4269066e2948d7ae5854d745","modified":1484126821000},{"_id":"themes/landscape/source/css/_partial/sidebar-aside.styl","hash":"890349df5145abf46ce7712010c89237900b3713","modified":1484126821000},{"_id":"themes/landscape/source/css/_partial/sidebar-bottom.styl","hash":"8fd4f30d319542babfd31f087ddbac550f000a8a","modified":1484126821000},{"_id":"themes/landscape/source/css/_partial/sidebar.styl","hash":"404ec059dc674a48b9ab89cd83f258dec4dcb24d","modified":1484126821000},{"_id":"themes/landscape/source/css/_util/grid.styl","hash":"0bf55ee5d09f193e249083602ac5fcdb1e571aed","modified":1484126821000},{"_id":"themes/landscape/source/css/_util/mixin.styl","hash":"44f32767d9fd3c1c08a60d91f181ee53c8f0dbb3","modified":1484126821000},{"_id":"themes/landscape/source/css/fonts/FontAwesome.otf","hash":"b5b4f9be85f91f10799e87a083da1d050f842734","modified":1484126821000},{"_id":"themes/landscape/source/css/fonts/fontawesome-webfont.eot","hash":"7619748fe34c64fb157a57f6d4ef3678f63a8f5e","modified":1484126821000},{"_id":"themes/landscape/source/css/fonts/fontawesome-webfont.woff","hash":"04c3bf56d87a0828935bd6b4aee859995f321693","modified":1484126821000},{"_id":"themes/landscape/source/css/images/banner.jpg","hash":"e2c9ff91ca7c221c23e41dba0d4b8dfd90d28a6c","modified":1484146333000},{"_id":"themes/landscape/source/fancybox/helpers/fancybox_buttons.png","hash":"e385b139516c6813dcd64b8fc431c364ceafe5f3","modified":1484126821000},{"_id":"themes/landscape/source/fancybox/helpers/jquery.fancybox-buttons.css","hash":"1a9d8e5c22b371fcc69d4dbbb823d9c39f04c0c8","modified":1484126821000},{"_id":"themes/landscape/source/fancybox/helpers/jquery.fancybox-buttons.js","hash":"dc3645529a4bf72983a39fa34c1eb9146e082019","modified":1484126821000},{"_id":"themes/landscape/source/fancybox/helpers/jquery.fancybox-media.js","hash":"294420f9ff20f4e3584d212b0c262a00a96ecdb3","modified":1484126821000},{"_id":"themes/landscape/source/fancybox/helpers/jquery.fancybox-thumbs.css","hash":"4ac329c16a5277592fc12a37cca3d72ca4ec292f","modified":1484126821000},{"_id":"themes/landscape/source/fancybox/helpers/jquery.fancybox-thumbs.js","hash":"47da1ae5401c24b5c17cc18e2730780f5c1a7a0c","modified":1484126821000},{"_id":"themes/landscape/source/css/fonts/fontawesome-webfont.ttf","hash":"7f09c97f333917034ad08fa7295e916c9f72fd3f","modified":1484126821000},{"_id":"themes/landscape/source/css/fonts/fontawesome-webfont.svg","hash":"46fcc0194d75a0ddac0a038aee41b23456784814","modified":1484126821000},{"_id":"themes/landscape/source/css/images/banner-bak.jpg","hash":"f44aa591089fcb3ec79770a1e102fd3289a7c6a6","modified":1484126821000},{"_id":"public/devops/devops-portal/index.html","hash":"d4defe4214f20f77131915ab97c79e2e44d5decb","modified":1484149330021},{"_id":"public/docker/docker-core/index.html","hash":"f7ef048fa902e3fb1e8ffdf2f74af75266919cda","modified":1484149330022},{"_id":"public/docker/docker-portal/index.html","hash":"d1dbed93fd4e88b19495ccbadb679a790325edd1","modified":1484149330022},{"_id":"public/nodejs/node-portal/index.html","hash":"2f1909122cc542002582f827e0f90823ee8e6e32","modified":1484149330022},{"_id":"public/python/python-portal/index.html","hash":"495abc2cc18f6b991621339c017890081683eb86","modified":1484149330022},{"_id":"public/buffer/hello-world/index.html","hash":"14162a1e06f2b0f9b5ab163ea35fee99b05fccb4","modified":1484149330022},{"_id":"public/archives/index.html","hash":"db08dfc44439da7d59ad74b74534a89af4a6550c","modified":1484149330022},{"_id":"public/archives/2017/index.html","hash":"91c562aed493248ded5f24f8be3900cc465ce172","modified":1484149330022},{"_id":"public/archives/2017/01/index.html","hash":"cc6cbd3192b69b5a474e205568afa28d02045286","modified":1484149330022},{"_id":"public/categories/devops/index.html","hash":"23f4ce9e0ebbb1e0678642b019b0cd76b71c30d3","modified":1484149330023},{"_id":"public/categories/docker/index.html","hash":"d0b215a10bc0eaad190c3622fec170d7defbd321","modified":1484149330023},{"_id":"public/categories/buffer/index.html","hash":"9a4dcede9f690137bb267b36a98777864641a8d9","modified":1484149330023},{"_id":"public/categories/nodejs/index.html","hash":"263f37dcfd8a93f960b30c9af5b0c9ae4b879d22","modified":1484149330023},{"_id":"public/categories/python/index.html","hash":"9f76dc6fd113cacb135751c9bc649d2908f2be62","modified":1484149330023},{"_id":"public/index.html","hash":"648e5b2225fa3c183b69bb8dc0f45e12d19c6ff6","modified":1484149330023},{"_id":"public/tags/portal/index.html","hash":"5d5cf4f90ce80977bcaf8008396e0527da7e5ee0","modified":1484149330023},{"_id":"public/fancybox/blank.gif","hash":"2daeaa8b5f19f0bc209d976c02bd6acb51b00b0a","modified":1484149330030},{"_id":"public/fancybox/fancybox_loading.gif","hash":"1a755fb2599f3a313cc6cfdb14df043f8c14a99c","modified":1484149330030},{"_id":"public/fancybox/fancybox_loading@2x.gif","hash":"273b123496a42ba45c3416adb027cd99745058b0","modified":1484149330030},{"_id":"public/fancybox/fancybox_overlay.png","hash":"b3a4ee645ba494f52840ef8412015ba0f465dbe0","modified":1484149330030},{"_id":"public/fancybox/fancybox_sprite.png","hash":"17df19f97628e77be09c352bf27425faea248251","modified":1484149330030},{"_id":"public/fancybox/fancybox_sprite@2x.png","hash":"30c58913f327e28f466a00f4c1ac8001b560aed8","modified":1484149330030},{"_id":"public/css/fonts/fontawesome-webfont.eot","hash":"7619748fe34c64fb157a57f6d4ef3678f63a8f5e","modified":1484149330030},{"_id":"public/css/fonts/FontAwesome.otf","hash":"b5b4f9be85f91f10799e87a083da1d050f842734","modified":1484149330030},{"_id":"public/css/fonts/fontawesome-webfont.woff","hash":"04c3bf56d87a0828935bd6b4aee859995f321693","modified":1484149330030},{"_id":"public/css/images/banner.jpg","hash":"e2c9ff91ca7c221c23e41dba0d4b8dfd90d28a6c","modified":1484149330030},{"_id":"public/fancybox/helpers/fancybox_buttons.png","hash":"e385b139516c6813dcd64b8fc431c364ceafe5f3","modified":1484149330031},{"_id":"public/css/fonts/fontawesome-webfont.ttf","hash":"7f09c97f333917034ad08fa7295e916c9f72fd3f","modified":1484149330769},{"_id":"public/fancybox/jquery.fancybox.css","hash":"aaa582fb9eb4b7092dc69fcb2d5b1c20cca58ab6","modified":1484149330773},{"_id":"public/js/script.js","hash":"2876e0b19ce557fca38d7c6f49ca55922ab666a1","modified":1484149330773},{"_id":"public/fancybox/helpers/jquery.fancybox-buttons.css","hash":"1a9d8e5c22b371fcc69d4dbbb823d9c39f04c0c8","modified":1484149330773},{"_id":"public/fancybox/helpers/jquery.fancybox-buttons.js","hash":"dc3645529a4bf72983a39fa34c1eb9146e082019","modified":1484149330773},{"_id":"public/fancybox/helpers/jquery.fancybox-media.js","hash":"294420f9ff20f4e3584d212b0c262a00a96ecdb3","modified":1484149330773},{"_id":"public/fancybox/helpers/jquery.fancybox-thumbs.css","hash":"4ac329c16a5277592fc12a37cca3d72ca4ec292f","modified":1484149330773},{"_id":"public/fancybox/helpers/jquery.fancybox-thumbs.js","hash":"47da1ae5401c24b5c17cc18e2730780f5c1a7a0c","modified":1484149330773},{"_id":"public/css/style.css","hash":"f1bdee26c06f8dca10fa0df089e978e0469d755a","modified":1484149330774},{"_id":"public/fancybox/jquery.fancybox.pack.js","hash":"9e0d51ca1dbe66f6c0c7aefd552dc8122e694a6e","modified":1484149330774},{"_id":"public/fancybox/jquery.fancybox.js","hash":"d08b03a42d5c4ba456ef8ba33116fdbb7a9cabed","modified":1484149330774},{"_id":"public/css/fonts/fontawesome-webfont.svg","hash":"46fcc0194d75a0ddac0a038aee41b23456784814","modified":1484149330779},{"_id":"public/css/images/banner-bak.jpg","hash":"f44aa591089fcb3ec79770a1e102fd3289a7c6a6","modified":1484149330779}],"Category":[{"name":"devops","_id":"cixt46vau00029ysvnjimwn1a"},{"name":"docker","_id":"cixt46vbd00079ysvp0iepglx"},{"name":"buffer","_id":"cixt46vbr000i9ysvi6tvymbf"},{"name":"nodejs","_id":"cixt46vbu000l9ysvqvt8ceug"},{"name":"python","_id":"cixt46vbv000n9ysvd4d6n5im"}],"Data":[],"Page":[],"Post":[{"title":"devops portal","_content":"\n# about\n\n","source":"_posts/devops-portal.md","raw":"---\ntitle: devops portal\ncategories:\n- devops\ntags:\n- portal\n---\n\n# about\n\n","slug":"devops-portal","published":1,"date":"2017-01-11T14:06:12.000Z","updated":"2017-01-11T14:26:16.000Z","comments":1,"layout":"post","photos":[],"link":"","_id":"cixt46vai00009ysve98b7qbt","content":"<h1 id=\"about\"><a href=\"#about\" class=\"headerlink\" title=\"about\"></a>about</h1>","excerpt":"","more":"<h1 id=\"about\"><a href=\"#about\" class=\"headerlink\" title=\"about\"></a>about</h1>"},{"title":"docker core","_content":"\n# docker core","source":"_posts/docker-core.md","raw":"---\ntitle: docker core\ncategories:\n- docker\ntags:\n- portal\n---\n\n# docker core","slug":"docker-core","published":1,"date":"2017-01-11T14:06:12.000Z","updated":"2017-01-11T14:16:52.000Z","comments":1,"layout":"post","photos":[],"link":"","_id":"cixt46vaq00019ysv3a15y8q1","content":"<h1 id=\"docker-core\"><a href=\"#docker-core\" class=\"headerlink\" title=\"docker core\"></a>docker core</h1>","excerpt":"","more":"<h1 id=\"docker-core\"><a href=\"#docker-core\" class=\"headerlink\" title=\"docker core\"></a>docker core</h1>"},{"title":"docker-portal","_content":"\n# 123","source":"_posts/docker-portal.md","raw":"---\ntitle: docker-portal\ncategories:\n- docker\ntags:\n- portal\n---\n\n# 123","slug":"docker-portal","published":1,"date":"2017-01-11T14:06:12.000Z","updated":"2017-01-11T14:15:27.000Z","comments":1,"layout":"post","photos":[],"link":"","_id":"cixt46vaz00049ysvlb691g13","content":"<h1 id=\"123\"><a href=\"#123\" class=\"headerlink\" title=\"123\"></a>123</h1>","excerpt":"","more":"<h1 id=\"123\"><a href=\"#123\" class=\"headerlink\" title=\"123\"></a>123</h1>"},{"title":"Hello World","_content":"Welcome to [Hexo](https://hexo.io/)! This is your very first post. Check [documentation](https://hexo.io/docs/) for more info. If you get any problems when using Hexo, you can find the answer in [troubleshooting](https://hexo.io/docs/troubleshooting.html) or you can ask me on [GitHub](https://github.com/hexojs/hexo/issues).\n\n## Quick Start\n\n### Create a new post\n\n``` bash\n$ hexo new \"My New Post\"\n```\n\nMore info: [Writing](https://hexo.io/docs/writing.html)\n\n### Run server\n\n``` bash\n$ hexo server\n```\n\nMore info: [Server](https://hexo.io/docs/server.html)\n\n### Generate static files\n\n``` bash\n$ hexo generate\n```\n\nMore info: [Generating](https://hexo.io/docs/generating.html)\n\n### Deploy to remote sites\n\n``` bash\n$ hexo deploy\n```\n\nMore info: [Deployment](https://hexo.io/docs/deployment.html)\n","source":"_posts/hello-world.md","raw":"---\ntitle: Hello World\ncategories:\n- buffer\n---\nWelcome to [Hexo](https://hexo.io/)! This is your very first post. Check [documentation](https://hexo.io/docs/) for more info. If you get any problems when using Hexo, you can find the answer in [troubleshooting](https://hexo.io/docs/troubleshooting.html) or you can ask me on [GitHub](https://github.com/hexojs/hexo/issues).\n\n## Quick Start\n\n### Create a new post\n\n``` bash\n$ hexo new \"My New Post\"\n```\n\nMore info: [Writing](https://hexo.io/docs/writing.html)\n\n### Run server\n\n``` bash\n$ hexo server\n```\n\nMore info: [Server](https://hexo.io/docs/server.html)\n\n### Generate static files\n\n``` bash\n$ hexo generate\n```\n\nMore info: [Generating](https://hexo.io/docs/generating.html)\n\n### Deploy to remote sites\n\n``` bash\n$ hexo deploy\n```\n\nMore info: [Deployment](https://hexo.io/docs/deployment.html)\n","slug":"hello-world","published":1,"date":"2017-01-11T09:26:51.000Z","updated":"2017-01-11T14:07:04.000Z","comments":1,"layout":"post","photos":[],"link":"","_id":"cixt46vb100059ysvzqwe6km8","content":"<p>Welcome to <a href=\"https://hexo.io/\" target=\"_blank\" rel=\"external\">Hexo</a>! This is your very first post. Check <a href=\"https://hexo.io/docs/\" target=\"_blank\" rel=\"external\">documentation</a> for more info. If you get any problems when using Hexo, you can find the answer in <a href=\"https://hexo.io/docs/troubleshooting.html\" target=\"_blank\" rel=\"external\">troubleshooting</a> or you can ask me on <a href=\"https://github.com/hexojs/hexo/issues\" target=\"_blank\" rel=\"external\">GitHub</a>.</p>\n<h2 id=\"Quick-Start\"><a href=\"#Quick-Start\" class=\"headerlink\" title=\"Quick Start\"></a>Quick Start</h2><h3 id=\"Create-a-new-post\"><a href=\"#Create-a-new-post\" class=\"headerlink\" title=\"Create a new post\"></a>Create a new post</h3><figure class=\"highlight bash\"><table><tr><td class=\"gutter\"><pre><div class=\"line\">1</div></pre></td><td class=\"code\"><pre><div class=\"line\">$ hexo new <span class=\"string\">\"My New Post\"</span></div></pre></td></tr></table></figure>\n<p>More info: <a href=\"https://hexo.io/docs/writing.html\" target=\"_blank\" rel=\"external\">Writing</a></p>\n<h3 id=\"Run-server\"><a href=\"#Run-server\" class=\"headerlink\" title=\"Run server\"></a>Run server</h3><figure class=\"highlight bash\"><table><tr><td class=\"gutter\"><pre><div class=\"line\">1</div></pre></td><td class=\"code\"><pre><div class=\"line\">$ hexo server</div></pre></td></tr></table></figure>\n<p>More info: <a href=\"https://hexo.io/docs/server.html\" target=\"_blank\" rel=\"external\">Server</a></p>\n<h3 id=\"Generate-static-files\"><a href=\"#Generate-static-files\" class=\"headerlink\" title=\"Generate static files\"></a>Generate static files</h3><figure class=\"highlight bash\"><table><tr><td class=\"gutter\"><pre><div class=\"line\">1</div></pre></td><td class=\"code\"><pre><div class=\"line\">$ hexo generate</div></pre></td></tr></table></figure>\n<p>More info: <a href=\"https://hexo.io/docs/generating.html\" target=\"_blank\" rel=\"external\">Generating</a></p>\n<h3 id=\"Deploy-to-remote-sites\"><a href=\"#Deploy-to-remote-sites\" class=\"headerlink\" title=\"Deploy to remote sites\"></a>Deploy to remote sites</h3><figure class=\"highlight bash\"><table><tr><td class=\"gutter\"><pre><div class=\"line\">1</div></pre></td><td class=\"code\"><pre><div class=\"line\">$ hexo deploy</div></pre></td></tr></table></figure>\n<p>More info: <a href=\"https://hexo.io/docs/deployment.html\" target=\"_blank\" rel=\"external\">Deployment</a></p>\n","excerpt":"","more":"<p>Welcome to <a href=\"https://hexo.io/\">Hexo</a>! This is your very first post. Check <a href=\"https://hexo.io/docs/\">documentation</a> for more info. If you get any problems when using Hexo, you can find the answer in <a href=\"https://hexo.io/docs/troubleshooting.html\">troubleshooting</a> or you can ask me on <a href=\"https://github.com/hexojs/hexo/issues\">GitHub</a>.</p>\n<h2 id=\"Quick-Start\"><a href=\"#Quick-Start\" class=\"headerlink\" title=\"Quick Start\"></a>Quick Start</h2><h3 id=\"Create-a-new-post\"><a href=\"#Create-a-new-post\" class=\"headerlink\" title=\"Create a new post\"></a>Create a new post</h3><figure class=\"highlight bash\"><table><tr><td class=\"gutter\"><pre><div class=\"line\">1</div></pre></td><td class=\"code\"><pre><div class=\"line\">$ hexo new <span class=\"string\">\"My New Post\"</span></div></pre></td></tr></table></figure>\n<p>More info: <a href=\"https://hexo.io/docs/writing.html\">Writing</a></p>\n<h3 id=\"Run-server\"><a href=\"#Run-server\" class=\"headerlink\" title=\"Run server\"></a>Run server</h3><figure class=\"highlight bash\"><table><tr><td class=\"gutter\"><pre><div class=\"line\">1</div></pre></td><td class=\"code\"><pre><div class=\"line\">$ hexo server</div></pre></td></tr></table></figure>\n<p>More info: <a href=\"https://hexo.io/docs/server.html\">Server</a></p>\n<h3 id=\"Generate-static-files\"><a href=\"#Generate-static-files\" class=\"headerlink\" title=\"Generate static files\"></a>Generate static files</h3><figure class=\"highlight bash\"><table><tr><td class=\"gutter\"><pre><div class=\"line\">1</div></pre></td><td class=\"code\"><pre><div class=\"line\">$ hexo generate</div></pre></td></tr></table></figure>\n<p>More info: <a href=\"https://hexo.io/docs/generating.html\">Generating</a></p>\n<h3 id=\"Deploy-to-remote-sites\"><a href=\"#Deploy-to-remote-sites\" class=\"headerlink\" title=\"Deploy to remote sites\"></a>Deploy to remote sites</h3><figure class=\"highlight bash\"><table><tr><td class=\"gutter\"><pre><div class=\"line\">1</div></pre></td><td class=\"code\"><pre><div class=\"line\">$ hexo deploy</div></pre></td></tr></table></figure>\n<p>More info: <a href=\"https://hexo.io/docs/deployment.html\">Deployment</a></p>\n"},{"title":"nodejs-portal","_content":"\n# 123","source":"_posts/node-portal.md","raw":"---\ntitle: nodejs-portal\ncategories:\n- nodejs\ntags:\n- portal\n---\n\n# 123","slug":"node-portal","published":1,"date":"2017-01-11T14:06:12.000Z","updated":"2017-01-11T14:15:42.000Z","comments":1,"layout":"post","photos":[],"link":"","_id":"cixt46vba00069ysv1aaz3hcn","content":"<h1 id=\"123\"><a href=\"#123\" class=\"headerlink\" title=\"123\"></a>123</h1>","excerpt":"","more":"<h1 id=\"123\"><a href=\"#123\" class=\"headerlink\" title=\"123\"></a>123</h1>"},{"title":"python-portal","_content":"\n# 123","source":"_posts/python-portal.md","raw":"---\ntitle: python-portal\ncategories:\n- python\ntags:\n- portal\n---\n\n# 123","slug":"python-portal","published":1,"date":"2017-01-11T14:06:12.000Z","updated":"2017-01-11T14:15:49.000Z","comments":1,"layout":"post","photos":[],"link":"","_id":"cixt46vbg000a9ysv3puh7d8k","content":"<h1 id=\"123\"><a href=\"#123\" class=\"headerlink\" title=\"123\"></a>123</h1>","excerpt":"","more":"<h1 id=\"123\"><a href=\"#123\" class=\"headerlink\" title=\"123\"></a>123</h1>"}],"PostAsset":[],"PostCategory":[{"post_id":"cixt46vai00009ysve98b7qbt","category_id":"cixt46vau00029ysvnjimwn1a","_id":"cixt46vbk000b9ysvvtcr80tz"},{"post_id":"cixt46vaq00019ysv3a15y8q1","category_id":"cixt46vbd00079ysvp0iepglx","_id":"cixt46vbr000h9ysviiox63rl"},{"post_id":"cixt46vaz00049ysvlb691g13","category_id":"cixt46vbd00079ysvp0iepglx","_id":"cixt46vbt000k9ysvc4csm5xb"},{"post_id":"cixt46vb100059ysvzqwe6km8","category_id":"cixt46vbr000i9ysvi6tvymbf","_id":"cixt46vbv000m9ysvq4oot79c"},{"post_id":"cixt46vba00069ysv1aaz3hcn","category_id":"cixt46vbu000l9ysvqvt8ceug","_id":"cixt46vbx000o9ysvyo94rsc7"},{"post_id":"cixt46vbg000a9ysv3puh7d8k","category_id":"cixt46vbv000n9ysvd4d6n5im","_id":"cixt46vbx000p9ysv07z330zv"}],"PostTag":[{"post_id":"cixt46vai00009ysve98b7qbt","tag_id":"cixt46vay00039ysvan0hp1cj","_id":"cixt46vbf00099ysvh8ilsrdo"},{"post_id":"cixt46vba00069ysv1aaz3hcn","tag_id":"cixt46vay00039ysvan0hp1cj","_id":"cixt46vbl000c9ysvb850bx8x"},{"post_id":"cixt46vbg000a9ysv3puh7d8k","tag_id":"cixt46vay00039ysvan0hp1cj","_id":"cixt46vbq000f9ysv11ouczfj"},{"post_id":"cixt46vaq00019ysv3a15y8q1","tag_id":"cixt46vay00039ysvan0hp1cj","_id":"cixt46vbr000g9ysvx9n2o7ft"},{"post_id":"cixt46vaz00049ysvlb691g13","tag_id":"cixt46vay00039ysvan0hp1cj","_id":"cixt46vbs000j9ysvrt9hnsr7"}],"Tag":[{"name":"portal","_id":"cixt46vay00039ysvan0hp1cj"}]}}